<?xml version="1.0" encoding="UTF-8"?>
<project-private xmlns="http://www.netbeans.org/ns/project-private/1">
    <editor-bookmarks xmlns="http://www.netbeans.org/ns/editor-bookmarks/2" lastBookmarkId="0"/>
    <open-files xmlns="http://www.netbeans.org/ns/projectui-open-files/2">
        <group>
            <file>file:/C:/Users/DCL/Desktop/4th%20sem/Object%20Oriented%20Concept/java%20practice/Sport_Management/src/sport_management/Schedule.java</file>
            <file>file:/C:/Users/DCL/Desktop/4th%20sem/Object%20Oriented%20Concept/java%20practice/Sport_Management/src/sport_management/Registration.java</file>
            <file>file:/C:/Users/DCL/Desktop/4th%20sem/Object%20Oriented%20Concept/java%20practice/Sport_Management/src/sport_management/Main.java</file>
            <file>file:/C:/Users/DCL/Desktop/4th%20sem/Object%20Oriented%20Concept/java%20practice/Sport_Management/src/sport_management/SMS_Abstract.java</file>
        </group>
    </open-files>
</project-private>
